时间,厨房酱料,厨房用品,腊味熟食,米面粮油,南北干货,乳品烘焙,时令果蔬,速冻速食,鲜活禽类,鲜活水产,新鲜肉类,新鲜蔬菜,休闲食品
21:00,0,0,0,0,0,0,0,1.08,0,0,0,0,0
21:01,0,0,0,0,0,0,0,1.44,0,0,0,0,0
21:02,0,0,0,0,0,0,0.35,1.79,0,0,0,0,0
21:03,0,0,0,0.08,0,0,0.35,2.87,0,0,0,0,0
21:04,0,0,0,0.16,0,0,0.35,3.72,0,0,0,0,0
21:05,0,0,0,2.95,0,0,0.35,4.84,0,0,0,0,0
21:06,0,0,0,2.95,0,0,0.35,5.65,0,0,0,0,0
21:07,0,0,0,3.2,0,0,0.4,6.95,0,0,0,0,0
21:08,1.91,0,0,4.67,0,0.03,0.4,8.48,0,0,0,0,0
21:09,2.93,0.52,0,5.98,0,0.03,0.41,8.64,0,0,0,0,0
21:10,2.93,0.52,0,5.98,0,0.03,0.43,8.64,0,0,0,0,0
21:11,3.12,0.52,0,5.98,0.43,0.03,0.43,8.64,0,0,0,0,0
21:12,3.55,0.52,0,7.7,0.56,0.03,0.59,8.64,0,0,0,0,0
21:13,4.1,0.52,0,8.36,0.94,0.27,0.59,8.64,0,0,0,0,4.05
21:14,5.56,0.52,0,8.36,1.16,0.27,0.8,8.97,0,0,0,0,4.05
21:15,6.36,2.32,0,8.36,1.16,0.27,0.82,8.97,0,0,0,0,4.05
21:16,6.83,2.32,0,8.36,1.21,0.27,0.88,8.97,0,0,0,0,4.05
21:17,7.53,2.32,0,8.36,1.21,0.27,0.9,8.97,0,0,0,0,4.05
21:18,7.53,2.32,0,8.36,1.21,0.27,0.9,8.97,0,0,0,0,4.05
21:19,7.53,2.32,0,8.36,1.21,0.27,1.04,8.97,0,0,0,0,4.05
21:20,7.53,2.32,0,8.36,1.21,0.27,1.22,8.97,0,0,0,0,4.05
21:21,7.53,2.32,0,8.36,1.21,0.27,1.26,8.97,0,0,0,0,4.05
21:22,7.53,2.32,0,8.36,1.21,0.27,1.89,8.97,0,0,0,0,4.05
21:23,7.53,2.32,0,8.36,1.21,0.27,1.91,8.97,0,0,0,0,4.05
21:24,7.53,2.32,0,9.01,1.21,0.27,1.98,8.97,0,0,0,0,4.05
21:25,7.98,2.32,0,11.55,1.21,0.27,1.99,9.25,0,0,0,0,4.29
21:26,9.99,2.32,0,11.55,1.21,0.27,2.12,9.25,0,0,0,0,4.77
21:27,10.25,2.32,0,11.63,1.21,0.34,2.16,9.54,0,0,0,0,4.77
21:28,10.27,2.32,0,13.6,1.21,5.05,2.24,9.54,0,0,0,0,4.77
21:29,10.31,2.84,0,14.5,1.21,11.36,2.27,9.54,0,0,0,0,4.88
21:30,12.32,2.84,0,17.37,1.22,19.22,2.29,9.54,0,0,0,0,4.88
21:31,13.49,2.84,0,19.42,2.07,19.44,2.29,9.54,0,0,0,0,5.24
21:32,13.7,2.84,0,22.37,4.71,23.8,2.29,9.54,0,0,0,0,5.24
21:33,14.19,2.84,0,23.51,8.08,23.8,2.29,9.54,0,0,0.2,0,5.48
21:34,14.31,2.84,0,23.51,10.07,23.8,2.3,9.54,0,0,0.2,0,5.48
21:35,14.87,2.84,0,24.09,11.55,24.13,2.3,9.54,0,0,0.2,0,5.48
21:36,15.42,2.84,0,25.32,14.39,27.76,2.3,9.54,0,0,0.2,0,5.48
21:37,15.73,2.84,0,25.73,15.91,27.95,2.38,9.54,0,0,0.2,0,6.43
21:38,16.26,2.84,0,25.81,17.01,37.7,2.4,9.54,0,0,0.2,0,11.79
21:39,16.28,2.84,0,27.53,20.22,43.82,2.4,9.54,0,0,0.2,0,11.79
21:40,17,2.84,0,28.1,22.1,49.28,2.5,9.54,0,0,0.2,0,11.79
21:41,17,2.84,0,29,27.5,49.28,2.5,9.54,0,0,0.2,0.02,11.91
21:42,17,2.84,0,29,30.59,49.28,2.5,9.54,0,0,0.2,0.03,11.91
21:43,17,2.84,0,29.33,32.95,49.28,2.5,9.54,0,0,0.2,0.03,11.91
21:44,17,2.84,0,29.99,33.96,49.28,2.92,9.54,0,0,0.2,0.03,11.91
21:45,17,4.9,0,29.99,36.91,49.28,2.98,9.54,0,0,0.2,0.03,11.91
21:46,17.02,4.9,0,32.12,38.04,52.55,3.13,9.54,0,0,0.2,0.03,11.91
21:47,17.53,4.9,0,33.92,39.75,52.55,3.23,9.89,0,0,0.2,0.03,11.91
21:48,17.84,4.9,0,33.92,41.22,52.55,3.37,10.27,0,0,0.2,0.03,11.91
21:49,17.84,4.9,0,34.25,43.26,52.55,3.47,11.46,0,0,0.2,0.03,11.91
21:50,18.13,4.9,0,34.25,44.75,52.55,3.52,12.48,0,0,0.2,0.03,11.91
21:51,18.74,4.9,0,34.25,46.62,52.55,3.52,12.96,0,0,0.2,0.03,18.94
21:52,19.83,12.63,0,34.49,47.72,55.97,3.53,13.45,0,0,0.2,0.03,18.94
21:53,19.83,23.97,0,35.15,49.54,55.97,3.98,14.59,0,0,0.2,0.04,18.94
21:54,21.84,23.97,0,35.15,52.75,55.97,4.63,15.56,0,0,0.2,0.04,18.94
21:55,22.84,23.97,0,35.15,56.16,55.97,5.23,17.06,0,0,0.2,0.04,18.94
21:56,23.38,23.97,0,35.23,58.39,55.97,5.29,17.43,0,0,0.2,0.04,26.45
21:57,24.24,23.97,0,36.79,59.71,56.77,5.33,17.87,0,0,0.2,0.04,26.45
21:58,27.25,23.97,0,40.72,61.92,63.8,5.38,18.5,0,0,0.2,0.04,35.5
21:59,32.05,23.97,0,44.16,64.25,68.06,5.62,18.98,0,0,0.2,0.04,37.29
22:00,32.97,28.09,0,50.84,65.92,68.66,5.86,20.04,0,0,0.2,0.04,42.17
22:01,34.8,29.64,0,53.46,68.68,69.3,5.96,20.3,0,0,0.2,0.04,42.41
22:02,35.29,29.64,0,57.89,69.54,69.8,6.25,21.47,0,0,0.2,0.04,43.13
22:03,38.22,29.64,0,58.87,70.26,69.8,6.25,23.55,0,0,0.2,0.04,43.13
22:04,41.15,29.64,0,59.12,71.3,69.8,6.42,26.71,0,0,0.2,0.04,43.48
22:05,41.71,37.63,0,59.77,71.88,69.99,6.45,29.76,0,0,0.2,0.04,43.48
22:06,42.94,37.63,0.8,61.08,72.37,69.99,6.7,30.67,0,0,0.2,0.04,45.87
22:07,43.59,37.63,0.8,61.74,73.1,70.1,6.77,33.14,0,0,0.2,0.04,45.87
22:08,44.27,37.63,0.8,61.9,73.21,70.1,6.81,33.63,0,0,0.2,0.04,45.87
22:09,44.31,37.63,0.8,62.88,73.24,70.1,7.06,34.41,0,0,0.2,0.04,47.18
22:10,44.86,37.63,0.8,62.97,73.3,70.1,7.26,34.68,0,0,0.22,0.04,47.18
22:11,45.11,37.63,0.8,62.97,73.3,70.1,7.46,34.68,0,0,0.22,0.04,47.18
22:12,45.11,37.63,0.8,62.97,74.61,70.12,7.64,34.68,0,0,0.22,0.04,47.18
22:13,45.13,37.63,0.8,64.2,74.61,71.02,7.82,34.9,0,0,0.22,0.04,47.41
22:14,45.4,37.63,0.8,64.2,74.61,76.62,7.87,35.2,0,0,0.22,0.04,50.27
22:15,45.48,40.21,0.8,64.2,74.63,76.62,8.17,35.32,0,0,0.22,0.04,50.27
22:16,45.75,40.21,0.8,64.36,74.63,77.41,8.26,35.99,0,0,0.22,0.04,50.63
22:17,47.14,47.16,0.8,65.1,74.63,77.59,8.46,36.7,0,0,0.22,0.04,50.87
22:18,48.7,47.16,0.8,65.1,74.65,77.79,8.69,37.99,0,0,0.22,0.04,52.06
22:19,50.77,47.16,0.8,66.82,74.77,77.91,8.76,40.27,0,0,0.22,0.04,53.85
22:20,53.72,47.16,0.8,66.82,74.78,77.91,8.84,41.58,0,0,0.22,0.06,54.68
22:21,53.95,47.16,0.8,66.82,75.13,77.91,9.1,41.78,0,0,0.22,0.06,54.68
22:22,53.97,53.09,0.8,66.82,76.01,77.91,9.25,42,0,0,0.22,0.06,54.68
22:23,54.05,53.09,0.8,66.82,77.88,78.06,9.95,42.42,0,0,0.22,0.06,54.68
22:24,60.41,53.09,0.8,67.31,77.88,78.06,10.1,42.87,0,0,0.22,0.06,54.68
22:25,61.84,53.09,0.8,67.64,78.27,78.06,10.77,43.1,0,0,0.22,0.06,54.68
22:26,62.22,53.09,0.8,67.84,78.39,78.06,11.27,43.19,0,0,0.22,0.06,54.68
22:27,63.41,53.09,0.8,67.84,78.39,78.06,11.42,43.19,0,0,0.22,0.06,54.8
22:28,63.78,53.09,0.8,67.92,78.42,78.06,11.73,43.19,0,0,0.22,0.06,54.8
22:29,64.03,53.09,0.8,68,78.54,78.06,12.04,43.26,0,0,0.22,0.06,54.8
22:30,64.03,53.09,0.8,68.91,78.54,78.06,12.77,43.38,0,0,0.23,0.06,54.8
22:31,64.72,53.87,0.8,70.14,78.54,78.08,13.12,43.49,0,0,0.23,0.06,56.95
22:32,64.72,53.87,0.8,70.67,78.54,78.23,14.56,43.49,0,0,0.23,0.06,57.06
22:33,64.85,53.87,0.8,70.67,78.54,78.75,14.59,43.49,0,0,0.23,0.06,57.06
22:34,65.54,53.87,0.8,70.67,78.54,78.75,15.08,43.91,0,0,0.23,0.06,57.06
22:35,65.75,54.38,0.8,70.67,78.74,80.44,15.47,43.91,0,0,0.23,0.06,57.06
22:36,66.1,54.38,0.8,71.24,78.85,80.44,15.73,44.26,0,0,0.23,0.72,57.06
22:37,66.49,54.38,0.8,71.57,79.44,80.44,16.14,44.45,0,0,0.23,0.72,57.06
22:38,67.1,54.38,0.8,71.65,80.26,80.44,16.21,45.92,0,0,0.23,0.73,57.06
22:39,68.95,55.67,0.8,71.65,81.45,82.68,16.24,46.72,0,0,0.23,0.73,57.06
22:40,68.95,55.93,0.8,71.65,81.62,82.69,16.37,47.74,0,0,0.23,0.73,57.06
22:41,69.09,55.93,0.8,71.65,81.66,82.69,16.49,48.48,0,0,0.23,0.73,57.06
22:42,69.13,55.93,0.8,71.9,81.66,83.25,16.87,49.45,0.05,0,0.23,0.74,57.06
22:43,69.79,55.93,0.8,72.63,81.66,83.55,17,50.85,0.05,0,0.23,0.74,57.06
22:44,70.32,55.93,0.8,73.29,81.75,83.75,17.63,52.06,0.05,0,0.23,0.75,57.06
22:45,71.35,55.93,0.8,73.7,83.32,83.75,17.74,52.37,0.05,0,0.23,1.81,57.18
22:46,71.49,55.93,0.8,73.7,85.08,83.85,18.16,52.86,0.05,0,0.23,1.82,57.18
22:47,72.02,55.93,0.8,73.78,85.71,83.85,18.44,52.86,0.05,0,0.23,1.82,57.18
22:48,72.06,55.93,0.8,73.78,86.77,83.85,18.47,52.86,0.05,0,0.23,2.17,57.18
22:49,72.06,55.93,0.8,74.11,86.77,84.11,19.56,52.86,0.05,0,0.23,2.18,57.42
22:50,72.15,55.93,0.8,74.11,86.78,84.11,19.61,52.86,0.05,0,0.23,2.19,57.42
22:51,73.42,61.34,0.8,74.11,86.78,84.69,19.77,53.06,0.05,0,0.23,2.2,57.42
22:52,73.83,61.34,0.8,74.11,86.78,84.69,20.08,53.06,0.05,0,0.23,2.2,57.42
22:53,73.87,61.86,0.8,74.6,86.78,84.69,20.89,53.06,0.05,0,0.23,2.23,57.54
22:54,74.2,61.86,0.8,74.6,86.78,88.17,20.95,53.38,0.05,0,0.23,2.25,57.54
22:55,74.2,62.37,0.8,74.6,86.79,88.17,21.17,53.62,0.05,0,0.23,2.26,57.54
22:56,74.28,62.37,0.8,74.76,86.79,88.17,21.23,53.74,0.05,0,0.23,2.3,57.54
22:57,74.34,65.46,0.8,74.76,86.83,88.22,21.61,53.93,0.05,0,0.23,2.31,57.54
22:58,74.4,65.46,0.8,75.91,86.83,88.22,21.64,53.93,0.05,0,0.23,2.32,57.54
22:59,74.55,65.46,0.8,77.22,86.83,88.23,22.06,53.93,0.05,0,0.23,2.38,57.54
23:00,74.59,65.46,0.8,77.22,86.92,88.24,22.1,54.03,0.05,0,0.23,2.39,57.66
23:01,74.98,65.46,0.8,77.71,87.06,88.61,22.58,54.41,0.05,0,0.23,2.41,59.33
23:02,76,71.65,0.8,77.88,87.06,89.18,22.95,54.93,0.05,0,0.23,2.5,59.33
23:03,76.33,74.48,0.8,77.96,87.11,89.18,23.67,55.66,0.05,0,0.23,2.52,59.33
23:04,76.37,74.48,0.8,77.96,87.11,89.19,23.87,56.14,0.05,0,0.23,2.54,59.33
23:05,76.43,74.48,0.8,78.29,87.11,89.19,23.89,56.78,0.05,0,0.23,2.62,59.33
23:06,76.55,74.48,0.8,78.45,87.13,89.4,23.94,56.78,0.05,0,0.23,2.65,59.33
23:07,76.7,74.48,0.8,78.45,87.36,89.4,24.25,56.78,0.05,0,0.23,2.67,60.52
23:08,76.7,76.03,0.8,78.45,87.52,89.48,24.36,57.08,0.05,0,0.23,2.69,60.52
23:09,76.7,76.03,0.8,78.45,87.53,89.48,24.52,57.39,0.05,0,0.23,2.72,60.52
23:10,76.84,76.03,0.8,78.45,87.53,89.48,24.96,57.95,0.05,0,0.23,2.77,60.64
23:11,76.84,76.03,0.8,78.45,87.53,89.48,25.01,57.95,0.05,0,0.23,2.82,60.64
23:12,76.94,76.03,0.8,78.45,87.53,89.94,25.06,58.1,0.05,0,0.23,2.86,60.64
23:13,77.17,76.03,0.8,78.78,87.53,90.06,26.42,58.1,0.05,0,0.23,2.92,61.95
23:14,78.15,84.02,0.8,78.78,87.53,90.19,26.52,58.81,0.05,0,0.23,3.02,66.6
23:15,78.15,84.02,0.8,79.52,87.53,90.34,27.08,58.81,0.05,0,0.23,3.12,66.71
23:16,78.15,84.02,0.8,79.84,87.53,90.41,27.66,58.81,0.05,0,0.23,3.22,66.71
23:17,78.46,84.02,0.8,79.84,87.53,90.41,27.91,59.07,0.05,0,0.23,3.34,66.71
23:18,78.48,84.02,0.8,81.56,87.53,90.41,27.95,59.19,0.05,0,0.23,4.43,66.71
23:19,78.48,84.02,0.8,81.56,87.53,90.41,28.18,59.71,0.05,0,0.27,4.53,66.71
23:20,78.48,84.02,0.8,82.48,87.62,90.41,28.32,60.01,0.05,0,0.27,4.73,66.71
23:21,78.48,84.02,0.8,82.48,87.62,90.41,29,60.01,0.05,0,0.27,4.85,66.71
23:22,78.85,84.02,0.8,82.48,88.66,90.41,29.16,60.01,0.05,0,0.27,4.99,66.71
23:23,80.9,84.02,0.8,82.56,89.25,91.45,29.4,60.18,0.05,0,0.27,5.3,66.71
23:24,81.15,84.02,0.8,82.89,89.25,91.45,29.84,61.15,0.05,0,0.27,5.43,66.71
23:25,81.91,84.02,0.8,83.06,89.25,91.45,29.91,61.73,0.05,0,0.27,5.5,66.71
23:26,81.93,84.02,0.8,83.63,89.25,91.46,30.39,61.88,0.05,0,0.27,5.74,66.71
23:27,81.97,84.02,0.8,83.63,89.25,91.46,30.63,63.27,0.05,0,0.27,5.88,66.71
23:28,81.99,84.02,0.8,84.45,89.42,91.49,30.82,63.48,0.05,0,0.27,6.04,66.71
23:29,81.99,84.02,0.8,84.45,89.42,91.52,31.11,63.55,0.05,0,0.27,6.18,66.71
23:30,82.03,84.02,0.8,85.02,90.12,91.53,31.93,63.6,0.05,0,0.27,6.33,66.83
23:31,82.07,85.05,0.8,85.02,90.12,91.53,32.06,63.76,0.05,0,0.27,6.56,66.83
23:32,82.07,85.05,0.8,85.02,90.12,91.53,32.24,64.09,0.05,0,0.27,6.73,66.83
23:33,82.07,85.05,0.8,85.02,91.15,91.53,32.95,64.63,0.05,0,0.27,6.85,67.07
23:34,82.95,89.69,0.8,85.02,91.39,91.53,33.01,64.92,0.05,0,0.27,7.01,68.98
23:35,82.95,89.69,0.8,85.1,91.5,91.53,33.25,64.92,0.05,0,0.27,7.31,70.35
23:36,83.14,89.69,0.8,85.1,92.27,91.53,33.25,65.02,0.05,0,0.27,7.43,70.93
23:37,83.73,90.46,0.8,85.35,92.37,91.66,33.89,65.02,0.05,0,0.27,7.55,70.93
23:38,84.51,90.46,0.8,85.76,92.37,91.66,33.97,65.02,0.05,0,0.27,7.74,70.93
23:39,84.51,90.46,0.8,85.76,92.4,91.66,34.07,65.19,0.05,0,0.27,8.32,72.36
23:40,84.61,90.46,0.8,85.76,92.4,91.66,34.47,65.58,0.05,0,0.27,8.53,74.39
23:41,84.88,90.46,0.8,85.76,92.4,91.8,34.83,65.58,0.05,0,0.27,8.75,74.39
23:42,84.88,90.46,0.8,85.76,92.4,91.8,35.08,65.81,0.05,0,0.27,8.87,74.39
23:43,84.92,90.46,0.8,85.76,92.43,91.8,35.16,65.96,0.05,0,0.27,9.09,74.39
23:44,84.92,90.46,0.8,85.76,92.43,91.8,35.39,66.11,0.05,0,0.27,9.25,74.39
23:45,84.92,90.46,0.8,85.76,92.43,91.8,35.87,66.38,0.05,0,0.27,9.48,74.39
23:46,84.92,90.46,0.8,85.76,92.43,91.8,36.4,67.79,0.05,0,0.27,9.61,74.39
23:47,84.92,90.46,0.8,85.76,92.43,91.8,37.03,67.83,0.05,0,0.27,9.88,74.39
23:48,84.92,90.46,0.8,85.76,92.43,91.8,37.27,68.08,0.05,0,0.27,10.17,74.39
23:49,84.92,90.46,0.8,85.76,92.43,91.8,37.47,68.08,0.05,0,0.27,10.46,74.39
23:50,84.92,90.46,0.8,85.76,92.43,91.8,37.64,68.08,0.05,0,0.27,10.73,74.39
23:51,84.96,90.46,0.8,86.01,92.43,91.89,37.71,68.57,0.05,0,0.27,11.12,74.39
23:52,84.96,90.46,0.8,86.56,92.43,91.96,38.12,68.57,0.05,0,0.27,11.69,74.51
23:53,84.96,90.46,0.8,86.56,92.43,91.96,38.21,68.57,0.05,0,0.27,11.94,74.51
23:54,84.96,90.46,0.8,86.56,92.43,91.96,38.37,70.77,0.05,0,0.27,12.28,74.51
23:55,84.96,90.46,0.8,86.56,92.43,91.96,39.04,71.22,0.05,0,0.27,12.61,74.51
23:56,84.96,90.46,0.8,86.81,92.43,92.2,39.21,71.22,0.05,0,0.27,12.83,74.51
23:57,84.97,90.46,0.8,86.81,92.43,92.2,39.3,72.45,0.05,0,0.27,13.1,74.51
23:58,85.01,90.46,0.8,87.22,92.43,92.2,39.35,72.87,0.05,0,0.27,13.21,74.51
23:59,85.01,90.46,0.8,87.22,92.43,92.2,39.44,74.87,0.05,0,0.27,13.54,74.51
00:00,85.01,90.46,0.8,87.22,92.43,92.2,39.51,75.01,0.05,0,0.27,13.75,74.51
00:01,85.01,90.46,0.8,87.22,92.43,92.2,39.79,75.32,0.05,0,0.27,13.91,74.51
00:02,85.16,90.46,0.8,87.22,92.43,92.2,39.8,75.32,0.05,0,0.27,14.14,74.51
00:03,85.16,90.46,0.8,87.22,92.43,92.2,40.31,75.7,0.05,0,0.27,14.64,74.51
00:04,85.16,90.46,0.8,87.22,92.43,92.2,40.48,76.19,0.05,0,0.27,15.01,74.51
00:05,85.16,90.46,0.8,87.22,92.43,92.2,40.62,76.4,0.05,0,0.27,15.24,74.51
00:06,85.16,90.46,0.8,87.22,92.43,92.2,40.68,77.11,0.05,0,0.27,15.77,74.51
00:07,85.16,90.46,0.8,87.22,92.43,92.2,41.46,77.81,0.05,0,0.27,16.03,74.51
00:08,85.16,90.46,0.8,87.22,92.43,92.2,41.52,78.8,0.05,0,0.27,16.33,74.51
00:09,85.16,90.46,0.8,87.22,92.43,92.2,41.57,79.81,0.05,0,0.27,16.88,74.51
00:10,85.16,90.46,0.8,87.22,92.43,92.2,42.85,80.73,0.05,0,0.27,17.1,74.51
00:11,85.16,90.46,0.8,87.22,92.43,92.2,42.99,80.73,0.05,0,0.27,17.38,74.51
00:12,85.16,90.46,0.8,87.22,92.48,92.2,43.32,80.73,0.05,0,0.27,17.55,74.51
00:13,85.16,90.46,0.8,87.22,93.86,92.2,43.43,81.79,0.05,0,0.27,17.85,74.51
00:14,85.16,90.46,0.8,87.71,94.66,92.2,43.49,82.24,0.05,0,0.27,18.12,74.51
00:15,86.78,90.98,0.8,87.71,94.66,92.2,43.71,82.85,0.05,0,0.27,18.6,74.51
00:16,86.92,91.24,0.8,87.71,94.66,92.22,43.88,83.61,0.05,0,0.27,18.88,74.51
00:17,87.7,91.24,0.8,87.71,94.66,92.31,43.98,83.68,0.05,0,0.27,19.23,74.51
00:18,87.84,96.13,0.8,87.71,94.66,92.31,44.01,83.68,0.05,0,0.27,19.65,77.6
00:19,87.84,96.13,0.8,87.96,94.83,92.31,44.2,83.68,0.05,0,0.27,19.95,77.6
00:20,87.84,96.13,0.8,87.96,95.18,92.31,44.21,83.96,0.05,0,0.27,20.22,77.6
00:21,87.84,96.13,0.8,87.96,95.32,92.43,44.24,84.11,0.05,0,0.27,20.51,77.6
00:22,87.84,96.13,0.8,87.96,95.32,92.45,44.43,84.83,0.05,0,0.27,20.75,77.6
00:23,87.84,96.13,0.8,87.96,95.42,92.5,44.45,84.92,0.05,0,0.27,20.95,77.6
00:24,87.84,96.13,0.8,87.96,95.42,92.5,44.67,86.02,0.05,0.73,0.27,21.22,78.44
00:25,88.07,96.13,0.8,87.96,95.42,92.5,45.42,86.26,0.05,0.73,0.27,21.39,78.68
00:26,88.07,96.13,0.8,87.96,95.42,92.5,45.56,86.26,0.05,0.73,0.27,21.66,79.39
00:27,88.07,96.13,0.8,87.96,95.42,92.5,46.59,86.55,0.05,0.73,0.27,21.95,79.39
00:28,88.07,96.13,0.8,88.12,95.42,92.5,47.38,86.55,0.05,0.73,0.27,22.24,79.39
00:29,88.07,96.13,0.8,88.12,95.68,92.5,47.43,86.55,0.05,0.73,0.27,22.88,79.39
00:30,88.07,96.13,0.8,88.12,96.83,92.5,47.43,86.62,0.05,0.73,0.27,23.69,79.39
00:31,88.07,96.13,0.8,88.2,96.83,92.5,47.77,86.68,0.05,0.73,0.27,24,79.39
00:32,88.07,96.13,0.8,88.45,96.83,92.5,47.78,87.66,0.05,0.73,0.27,24.59,79.39
00:33,88.07,96.13,0.8,88.45,96.83,92.5,47.79,87.76,0.05,0.73,0.27,24.86,79.39
00:34,88.07,96.13,0.8,88.45,96.83,92.5,47.79,87.95,0.05,0.73,0.27,25.49,79.39
00:35,88.07,96.13,0.8,88.45,96.85,92.54,47.81,88.31,0.05,0.73,0.27,25.96,79.39
00:36,88.36,96.13,0.8,88.69,96.85,92.54,47.85,88.83,0.05,0.73,0.27,26.28,79.39
00:37,89.2,96.13,0.8,88.69,96.85,92.54,47.85,88.83,0.05,0.73,0.27,26.62,80.46
00:38,89.2,96.13,0.8,88.69,96.85,92.54,47.85,88.95,0.05,0.73,0.27,26.86,80.46
00:39,89.2,96.13,0.8,88.69,96.85,92.54,48.15,88.95,0.05,0.73,0.27,27.27,80.7
00:40,89.2,96.13,0.8,88.69,96.85,92.54,49.03,89.09,0.05,0.73,0.27,27.53,84.87
00:41,89.2,96.13,0.8,88.69,96.85,92.54,50.19,89.17,0.05,0.73,0.27,27.81,84.87
00:42,89.2,96.13,0.8,88.69,96.85,92.54,51.12,89.23,0.05,0.73,0.27,28.03,84.87
00:43,89.2,96.13,0.8,88.69,96.85,92.54,51.48,89.23,0.05,0.73,0.27,28.35,84.87
00:44,89.2,96.13,0.8,88.69,96.85,92.54,52.03,90.6,0.05,0.73,0.27,28.63,84.87
00:45,89.2,96.13,0.8,88.69,96.85,92.54,53.79,90.72,0.05,0.73,0.27,28.92,84.87
00:46,89.2,96.13,0.8,88.69,96.85,92.54,53.81,90.96,0.05,0.73,0.27,30.3,84.87
00:47,89.2,96.13,0.8,88.69,96.85,92.54,53.81,92.04,0.05,0.73,0.27,30.5,84.87
00:48,89.2,96.13,0.8,88.69,96.85,92.54,53.85,92.04,0.05,0.73,0.27,30.84,84.87
00:49,89.24,96.13,0.8,88.69,96.85,92.54,53.9,92.05,0.05,0.73,0.27,31.36,84.87
00:50,89.24,96.13,0.8,89.27,96.85,92.55,53.97,92.05,0.05,0.73,0.27,31.75,84.87
00:51,89.24,96.13,0.8,89.27,96.85,92.55,53.97,92.78,0.05,0.73,0.27,32.16,84.87
00:52,89.54,96.13,0.8,89.43,96.85,92.62,53.99,92.78,0.05,0.73,0.27,32.29,84.99
00:53,89.85,96.13,0.8,89.43,96.85,92.62,53.99,92.78,0.05,0.73,0.27,32.77,84.99
00:54,89.85,96.91,0.8,89.43,96.85,92.62,53.99,92.78,0.05,0.73,0.27,33.16,84.99
00:55,89.85,96.91,0.8,89.43,96.88,92.62,53.99,92.78,0.05,0.73,0.27,33.85,84.99
00:56,89.85,96.91,0.8,89.43,96.88,92.62,54.28,92.78,0.05,0.73,0.27,34.37,84.99
00:57,89.85,96.91,0.8,89.43,96.88,92.62,54.46,92.78,0.05,0.73,0.27,34.73,84.99
00:58,89.85,96.91,0.8,89.43,96.88,92.62,54.47,92.78,0.05,0.73,0.27,34.93,84.99
00:59,89.85,96.91,0.8,89.43,96.88,92.62,55.82,92.78,0.05,0.73,0.27,35.41,84.99
01:00,89.85,96.91,0.8,89.51,96.89,92.62,56.7,93.05,0.05,0.73,0.27,35.94,84.99
01:01,89.85,96.91,0.8,89.51,96.9,92.62,56.7,93.05,0.05,0.73,0.27,36.04,84.99
01:02,89.85,96.91,0.8,89.51,96.9,92.62,56.79,93.05,0.05,0.73,0.27,36.47,84.99
01:03,89.85,96.91,0.8,89.51,96.9,92.62,56.81,93.2,0.05,0.73,0.27,36.62,84.99
01:04,89.85,96.91,0.8,89.51,96.9,92.62,56.83,93.3,0.05,0.73,0.27,36.65,84.99
01:05,89.85,96.91,0.8,89.51,96.9,92.62,56.83,93.3,0.05,0.73,0.27,36.74,84.99
01:06,89.85,96.91,0.8,89.51,96.9,92.62,56.83,93.3,0.05,0.73,0.27,36.82,84.99
01:07,89.85,96.91,0.8,89.51,96.9,92.62,56.83,93.3,0.05,0.73,0.27,36.83,84.99
01:08,89.85,96.91,0.8,89.51,96.9,92.62,56.84,93.3,0.05,0.73,0.27,36.84,84.99
01:09,89.85,96.91,0.8,89.51,96.9,92.62,56.84,93.3,0.05,0.73,0.27,36.87,84.99
01:10,89.85,96.91,0.8,89.51,96.93,92.62,56.84,93.3,0.05,0.73,0.27,36.9,84.99
01:11,89.85,96.91,0.8,89.51,96.93,92.62,56.94,93.3,0.05,0.73,0.27,36.93,84.99
01:12,89.85,96.91,0.8,89.59,96.93,92.62,56.95,93.32,0.05,0.73,0.27,36.96,84.99
01:13,89.95,96.91,0.8,89.59,96.93,92.62,56.96,93.32,0.05,0.73,0.27,37.03,84.99
01:14,90.02,96.91,0.8,89.68,96.95,92.63,56.96,93.32,0.05,0.73,0.27,37.07,84.99
01:15,90.04,96.91,0.8,89.68,97.32,92.63,56.99,93.32,0.05,0.73,0.27,37.13,84.99
01:16,90.04,96.91,0.8,89.68,97.69,92.63,57.02,93.32,0.05,0.73,0.27,37.2,84.99
01:17,90.04,96.91,0.8,89.76,97.69,92.63,57.03,93.32,0.05,0.73,0.27,37.36,84.99
01:18,90.04,96.91,0.8,89.84,97.89,92.64,57.03,93.79,0.05,0.73,0.27,37.49,84.99
01:19,90.06,96.91,0.8,89.84,97.89,92.64,57.05,93.79,0.05,0.73,0.27,37.56,84.99
01:20,90.48,96.91,0.8,89.84,97.89,92.82,57.06,93.79,0.05,0.73,0.27,37.75,84.99
01:21,90.48,96.91,0.8,89.84,97.89,92.82,57.11,93.79,0.05,0.73,0.27,37.91,84.99
01:22,90.48,96.91,0.8,90.09,97.89,92.82,57.13,93.79,0.05,0.73,0.27,38.15,84.99
01:23,90.58,96.91,0.8,90.58,97.89,92.84,57.15,93.79,0.05,0.73,0.27,38.58,84.99
01:24,90.58,96.91,0.8,90.58,97.89,92.84,57.21,93.79,0.05,0.73,0.27,38.93,84.99
01:25,90.58,96.91,0.8,90.58,97.89,92.84,57.28,93.79,0.05,0.73,0.27,39.14,84.99
01:26,90.58,96.91,0.8,90.58,97.89,92.84,57.28,93.79,0.05,0.73,0.27,39.43,84.99
01:27,90.58,96.91,3.2,90.58,97.89,92.84,57.71,93.79,0.05,0.73,0.27,40.11,85.23
01:28,90.74,96.91,3.2,90.58,97.89,92.84,57.77,94.39,0.05,0.73,0.27,40.51,85.7
01:29,90.74,96.91,3.2,91.15,97.89,92.84,57.79,94.39,0.05,0.73,0.27,40.77,85.7
01:30,90.74,96.91,3.2,91.32,97.89,92.84,57.84,94.39,0.05,0.73,0.27,41.17,85.7
01:31,90.85,96.91,3.2,91.32,97.89,92.84,57.87,94.39,0.05,0.73,0.27,41.58,85.7
01:32,90.85,97.16,3.2,91.32,97.89,92.84,57.87,94.5,0.05,0.73,0.27,42.09,85.7
01:33,90.85,97.16,3.2,91.32,97.89,92.84,57.88,94.7,0.05,0.73,0.27,42.36,85.7
01:34,90.87,97.16,3.29,91.32,97.89,92.84,57.88,94.7,0.05,0.73,0.27,42.61,85.7
01:35,90.87,97.16,3.29,91.32,97.89,92.84,57.89,94.7,0.05,0.73,0.27,43.13,85.7
01:36,90.93,97.16,3.29,91.32,97.94,92.84,57.91,94.7,0.05,0.73,0.27,43.46,89.99
01:37,91.13,97.16,3.29,91.32,97.94,92.84,57.91,94.73,0.05,0.73,0.27,43.79,89.99
01:38,91.15,97.16,3.29,91.32,97.94,92.84,57.99,94.73,0.05,0.73,0.27,44.22,89.99
01:39,91.15,97.16,3.29,91.32,97.94,92.84,58.04,94.73,0.05,0.73,0.27,44.76,89.99
01:40,91.15,97.16,3.29,96.07,97.94,92.84,58.04,94.85,0.05,0.73,0.27,45.21,89.99
01:41,91.17,97.16,3.29,96.15,97.94,92.85,58.04,94.85,0.05,0.73,0.27,45.82,89.99
01:42,91.2,97.16,3.29,96.23,97.94,93.02,58.09,94.85,0.05,0.73,0.27,46.91,92.38
01:43,91.26,97.16,3.29,96.23,97.94,93.02,58.78,94.85,0.05,0.73,0.27,47.43,92.38
01:44,91.26,97.16,3.29,96.23,97.94,93.02,58.79,94.85,0.05,0.73,0.27,47.82,92.38
01:45,91.26,97.16,3.29,96.23,97.94,93.02,58.81,94.85,0.05,0.73,0.27,48.03,92.38
01:46,91.26,97.16,3.29,96.23,97.94,93.02,58.86,94.85,0.05,0.73,0.27,48.51,92.38
01:47,91.26,97.16,3.29,96.23,97.94,93.02,58.86,94.85,0.05,0.73,0.27,49.51,92.38
01:48,91.26,97.16,3.29,96.23,97.94,93.02,58.86,94.85,0.05,0.73,0.27,49.85,92.38
01:49,91.26,97.16,3.29,96.23,97.94,93.02,58.86,94.85,0.05,0.73,0.27,50.22,92.38
01:50,91.26,97.42,3.29,96.23,97.94,93.02,58.91,94.85,0.05,0.73,0.27,50.66,92.38
01:51,91.26,97.42,3.29,96.23,97.94,93.02,59.02,94.85,0.05,0.73,0.27,50.95,92.38
01:52,91.26,97.42,3.29,96.23,97.94,93.07,59.02,94.88,0.05,0.73,0.27,51.42,92.38
01:53,91.26,97.42,3.29,96.23,97.94,93.07,59.02,94.88,0.05,0.73,0.27,51.88,92.38
01:54,91.26,97.42,3.29,96.23,97.94,93.07,59.02,94.88,0.05,0.73,0.27,52.35,93.33
01:55,91.26,97.42,3.29,96.23,97.94,93.07,59.21,94.88,0.05,0.73,0.27,52.68,93.33
01:56,91.26,97.42,3.29,96.23,97.94,93.07,60.42,94.88,0.05,0.73,0.27,53.36,93.33
01:57,91.26,97.42,3.29,96.23,97.94,93.07,60.42,94.88,0.05,0.73,0.27,53.84,93.33
01:58,91.26,97.42,3.29,96.23,97.94,93.07,60.42,94.88,0.05,0.73,0.27,54.38,93.33
01:59,91.26,97.42,3.29,96.23,97.94,93.07,60.42,94.88,0.05,0.73,0.27,54.87,93.33
02:00,91.26,97.42,3.29,96.23,97.94,93.07,60.64,94.88,0.05,0.73,0.27,55.25,93.33
02:01,91.26,97.42,3.29,96.23,97.94,93.07,60.64,94.88,0.05,0.73,0.27,55.52,93.33
02:02,91.42,97.42,3.29,96.23,97.94,93.07,60.67,94.88,0.05,0.73,0.27,56.01,93.33
02:03,91.42,97.42,3.29,96.23,97.94,93.1,60.68,94.88,0.05,0.73,0.27,56.49,93.69
02:04,91.42,97.42,3.29,96.23,97.94,93.1,60.68,94.88,0.05,0.73,0.27,56.84,93.69
02:05,91.42,97.42,3.29,96.23,97.94,93.12,60.68,94.88,0.05,0.73,0.27,57.15,93.69
02:06,91.42,97.42,3.29,96.23,97.94,93.12,60.68,94.88,0.05,0.73,0.27,57.37,93.69
02:07,91.42,97.42,3.29,96.23,97.94,93.12,60.68,94.88,0.05,0.73,0.27,57.72,93.69
02:08,91.42,97.42,3.29,96.23,97.94,93.12,60.68,94.88,0.05,0.73,0.27,58.3,93.69
02:09,91.42,97.42,3.29,96.23,97.94,93.12,61.31,94.88,0.05,0.73,0.27,58.75,93.69
02:10,91.42,97.42,3.29,96.23,97.94,93.12,61.36,94.88,0.05,0.73,0.27,59.11,93.69
02:11,91.42,97.42,3.29,96.23,97.94,93.12,61.51,94.88,0.05,0.73,0.27,59.6,93.69
02:12,91.42,97.42,3.29,96.23,97.94,93.12,61.51,94.88,0.05,0.73,0.27,59.86,93.69
02:13,91.42,97.42,3.29,96.23,97.94,93.12,61.51,94.88,0.05,0.73,0.27,60.19,93.69
02:14,91.42,97.42,3.29,96.72,97.95,93.12,61.51,94.88,0.05,0.73,0.27,60.71,93.69
02:15,91.42,97.42,3.29,96.72,97.95,93.12,61.51,94.88,0.05,0.73,0.27,60.96,93.69
02:16,91.42,97.42,3.29,96.72,97.95,93.12,61.51,94.88,0.05,0.73,0.27,61.37,93.69
02:17,91.42,97.42,3.29,96.72,97.95,93.12,61.51,94.88,0.05,0.73,0.27,61.83,93.69
02:18,91.42,97.42,3.29,96.72,97.95,93.12,61.51,94.88,0.05,0.73,0.27,62.34,93.69
02:19,91.42,97.42,3.29,96.72,97.95,93.12,61.51,94.88,0.05,0.73,0.27,62.64,93.69
02:20,91.42,97.42,3.29,96.72,97.99,93.19,61.51,94.88,0.05,0.73,0.27,63.04,94.76
02:21,91.42,97.42,3.29,96.72,97.99,93.19,61.51,94.88,0.05,0.73,0.27,63.3,94.76
02:22,91.42,97.42,3.29,96.72,97.99,93.19,61.51,94.88,0.05,0.73,0.27,64.01,94.76
02:23,91.42,97.42,3.29,96.72,97.99,93.19,61.52,94.88,0.05,0.73,0.27,64.85,95
02:24,91.42,97.42,3.29,96.72,97.99,93.19,61.52,94.88,0.05,0.73,0.27,65.28,95
02:25,91.42,97.42,3.29,96.72,97.99,93.19,61.52,95.19,0.05,0.73,0.27,65.73,95
02:26,91.42,97.42,3.29,97.54,98.02,93.19,61.52,95.4,0.05,0.73,0.3,66.25,95
02:27,91.42,97.42,3.29,97.54,98.02,93.19,61.52,95.43,0.05,0.73,0.3,66.7,95
02:28,91.42,97.42,3.29,97.71,98.03,93.19,61.52,95.44,0.05,0.73,0.3,67.19,95
02:29,91.42,97.42,3.29,97.95,98.03,93.19,61.52,95.44,0.05,0.73,0.3,67.61,95
02:30,91.42,97.42,3.29,97.95,98.03,93.19,61.53,95.59,0.05,0.73,0.3,68.15,95
02:31,91.42,97.42,3.29,98.2,98.03,93.19,61.62,95.59,0.05,0.73,0.3,68.56,95
02:32,91.42,97.42,3.29,98.2,98.29,93.19,61.62,95.59,0.05,0.73,0.3,68.79,95
02:33,91.46,97.42,3.29,98.2,98.29,93.19,61.62,95.59,0.05,0.73,0.3,69.13,95
02:34,91.46,97.42,3.29,98.2,98.29,93.19,61.62,95.59,0.05,0.73,0.3,69.53,95
02:35,91.46,97.42,3.29,98.2,98.29,93.19,61.62,95.59,0.05,0.73,0.3,70.21,95
02:36,91.46,98.2,3.29,98.2,98.29,93.19,61.62,95.59,0.05,0.73,0.3,70.49,95.23
02:37,91.46,98.2,3.29,98.2,98.29,93.19,61.62,95.59,0.05,0.73,0.3,70.7,95.23
02:38,91.46,98.2,3.29,98.2,98.29,93.19,61.62,95.89,0.05,0.73,0.3,71.3,95.23
02:39,91.46,98.2,3.29,98.2,98.3,93.28,61.62,95.89,0.05,0.73,0.3,71.78,95.23
02:40,91.46,98.2,3.29,98.2,98.32,93.28,61.65,95.89,0.05,0.73,0.3,72.32,95.23
02:41,91.46,98.2,3.29,98.2,98.39,93.28,61.65,95.89,0.05,0.73,0.3,72.81,95.23
02:42,91.46,98.2,3.29,98.2,98.39,93.28,61.65,95.89,0.05,0.73,0.3,73.14,95.23
02:43,91.46,98.2,3.29,98.2,98.39,93.28,61.65,95.89,0.05,0.73,0.3,73.43,95.23
02:44,91.46,98.2,3.29,98.2,98.39,93.29,61.65,95.89,0.05,0.73,0.3,74.49,95.23
02:45,91.46,98.2,3.29,98.2,98.39,93.29,61.65,95.89,0.05,0.73,0.3,74.94,95.23
02:46,91.46,98.2,3.29,98.2,98.39,93.29,61.65,96.12,0.05,0.73,0.3,75.24,95.23
02:47,91.46,98.2,3.29,98.2,98.39,93.29,61.65,96.12,0.05,0.73,0.3,75.44,95.23
02:48,91.46,98.2,3.29,98.2,98.39,93.29,61.94,96.12,0.05,0.73,0.3,75.73,95.23
02:49,91.87,98.2,3.33,98.2,98.39,93.29,61.94,96.12,0.05,0.73,0.43,76.2,95.23
02:50,91.97,98.2,3.73,98.28,98.46,93.29,62.22,96.12,0.05,0.73,0.43,76.59,95.23
02:51,92.04,98.2,3.73,98.28,98.47,93.29,62.3,96.12,0.05,0.73,0.43,76.8,95.23
02:52,92.86,98.2,3.73,98.28,98.47,93.29,62.32,96.12,0.05,0.73,0.43,77.06,95.23
02:53,92.86,98.2,3.73,98.36,98.47,93.29,62.32,96.12,0.05,0.73,0.43,77.36,95.23
02:54,92.86,98.2,3.73,98.36,98.47,93.29,62.32,96.22,0.05,0.73,0.43,77.61,95.23
02:55,92.86,98.2,3.73,98.36,98.51,93.29,62.32,96.22,0.05,0.73,0.43,77.85,95.23
02:56,92.88,98.2,3.73,98.36,98.51,93.29,62.38,96.22,0.05,0.73,0.43,78.27,95.23
02:57,92.88,98.2,3.73,98.36,98.51,93.29,63.05,96.22,0.05,0.73,0.43,80.32,95.23
02:58,92.94,98.2,3.73,98.36,98.51,93.29,63.05,96.24,0.05,0.73,0.43,80.67,95.23
02:59,92.94,98.2,3.73,98.36,98.51,93.38,63.05,96.24,0.05,0.73,0.43,80.88,95.23
03:00,92.94,98.2,3.73,98.44,98.51,93.57,63.05,96.24,0.05,0.73,0.43,81.29,95.23
03:01,92.94,98.2,3.73,98.44,98.51,93.57,63.05,96.24,0.05,0.73,0.43,81.52,95.23
03:02,93.76,98.2,3.73,98.53,98.51,93.57,63.05,96.24,0.05,0.73,0.43,82.02,95.23
03:03,93.76,98.2,3.73,98.53,98.55,93.74,63.05,96.32,0.05,0.73,0.43,82.18,95.35
03:04,94.78,98.2,3.93,99.02,98.55,93.74,63.05,96.32,0.05,0.73,0.43,82.41,95.35
03:05,94.78,98.2,3.93,99.02,98.55,93.74,63.05,96.32,0.05,0.73,0.43,82.62,95.35
03:06,94.78,98.2,3.93,99.02,98.55,93.74,63.05,96.32,0.05,0.73,0.43,82.91,95.35
03:07,94.78,98.2,3.93,99.02,98.55,93.74,63.31,96.32,0.05,0.73,0.43,83.13,95.35
03:08,94.78,98.2,3.93,99.02,98.55,93.74,63.31,96.32,0.05,0.73,0.43,83.4,95.35
03:09,94.8,98.2,4.07,99.02,98.55,93.74,63.31,96.32,0.05,0.73,0.43,83.57,95.47
03:10,94.8,98.2,4.07,99.02,98.55,93.74,63.31,96.32,0.05,0.77,0.43,84.65,95.47
03:11,94.8,98.2,4.07,99.02,98.55,93.74,63.31,96.32,0.17,0.91,0.43,85,95.47
03:12,94.8,98.2,4.07,99.02,98.6,93.74,63.31,96.32,0.19,1.13,0.43,85.47,95.47
03:13,94.8,98.2,4.07,99.02,98.7,93.74,63.31,96.32,0.23,1.97,0.43,85.74,95.47
03:14,94.8,98.2,4.07,99.02,98.7,93.75,63.31,96.32,0.5,1.97,0.43,85.94,95.47
03:15,94.8,98.2,4.07,99.02,98.7,93.75,63.31,96.32,0.68,1.97,0.43,86.13,95.47
03:16,94.8,98.2,4.47,99.02,98.7,93.75,63.31,96.32,1.58,1.97,0.43,86.33,95.47
03:17,94.87,98.2,4.47,99.02,98.7,93.75,63.31,96.32,2.46,1.97,0.43,86.51,95.47
03:18,94.87,98.2,4.47,99.02,98.7,93.75,63.31,96.32,2.84,1.97,0.43,86.58,95.47
03:19,94.87,98.2,4.47,99.02,98.7,93.79,63.56,96.32,3.11,1.97,0.43,86.74,95.47
03:20,95,100,4.47,99.02,98.7,94,63.56,96.32,4.02,1.97,0.43,86.94,95.47
03:21,95.06,100,4.47,99.02,98.7,94,63.59,96.33,4.72,1.97,0.43,87.07,95.47
03:22,95.06,100,4.47,99.18,98.7,94,63.59,96.33,5.74,1.97,0.43,87.26,95.47
03:23,95.06,100,4.47,99.18,98.7,94,63.59,96.33,6.59,1.97,0.43,87.4,95.47
03:24,95.06,100,4.47,99.18,98.7,94,63.65,96.33,7.07,1.97,0.43,87.54,95.47
03:25,95.06,100,4.47,99.18,98.7,94,63.65,96.33,7.67,1.97,0.43,87.74,95.47
03:26,95.06,100,4.47,99.18,98.7,94,63.65,96.33,8.53,1.97,0.43,87.83,95.47
03:27,95.06,100,4.47,99.18,98.7,94,63.69,96.33,9.77,3.19,0.43,87.91,95.47
03:28,95.06,100,4.47,99.18,98.7,94.48,63.69,96.33,10.47,3.54,0.43,88.09,95.47
03:29,95.06,100,4.47,99.18,98.7,94.48,63.69,96.33,11.51,3.76,0.43,88.25,95.47
03:30,95.06,100,4.47,99.18,98.7,94.48,63.69,96.33,12.29,3.76,0.43,88.52,95.47
03:31,95.06,100,4.47,99.18,98.7,95.38,63.69,96.33,12.47,3.83,0.55,88.76,95.47
03:32,95.06,100,4.47,99.18,98.7,95.38,63.73,96.33,12.98,4.11,0.62,88.97,95.47
03:33,95.2,100,4.47,99.18,98.82,95.39,63.79,96.33,13.54,4.29,0.76,89.2,95.71
03:34,95.22,100,4.47,99.18,98.85,95.39,64.72,96.33,14.43,4.29,0.8,89.38,95.95
03:35,95.26,100,4.47,99.34,98.99,95.39,64.72,96.33,15.79,4.29,0.88,89.51,95.95
03:36,95.26,100,4.47,99.34,99.08,95.39,64.72,96.33,18.06,5.57,1.02,89.61,95.95
03:37,95.26,100,4.47,99.34,99.08,95.39,64.72,96.33,20.87,5.57,1.15,89.74,95.95
03:38,95.26,100,4.47,99.34,99.08,95.39,64.94,96.33,22.99,5.84,1.33,89.8,95.95
03:39,95.26,100,4.47,99.34,99.08,95.39,65.23,96.33,26.28,5.84,1.4,89.91,95.95
03:40,95.26,100,4.47,99.34,99.08,95.39,65.34,96.33,28.58,5.84,1.43,90.03,95.95
03:41,95.28,100,4.47,99.34,99.08,95.39,65.4,96.33,31.23,5.84,1.45,90.17,95.95
03:42,95.28,100,4.47,99.34,99.17,95.4,65.4,96.33,33,5.84,1.53,90.27,95.95
03:43,95.73,100,4.47,99.34,99.17,95.4,65.4,96.33,34.52,5.84,1.77,90.39,95.95
03:44,96.97,100,4.47,99.34,99.17,95.4,65.4,96.33,37.48,5.84,2.15,90.48,95.95
03:45,96.97,100,4.47,99.34,99.17,95.4,65.44,96.33,39.24,5.84,2.4,90.65,95.95
03:46,96.97,100,4.47,99.34,99.17,95.4,65.59,96.33,40.71,5.84,2.74,90.7,95.95
03:47,96.97,100,4.47,99.34,99.17,95.4,65.59,96.33,41.83,6.36,2.93,90.79,95.95
03:48,96.97,100,4.47,99.34,99.17,95.4,65.59,96.33,44.17,6.74,3.27,90.89,95.95
03:49,96.97,100,4.47,99.34,99.17,95.4,65.59,96.33,47.83,7.17,4.07,90.98,95.95
03:50,96.97,100,4.47,99.34,99.17,95.4,65.67,96.33,52.27,7.33,4.32,91.05,95.95
03:51,97.05,100,4.47,99.34,99.17,95.4,66.07,96.33,56.05,7.39,4.98,91.11,95.95
03:52,97.05,100,4.47,99.34,99.17,95.4,66.16,96.33,60.16,7.53,5.6,91.16,95.95
03:53,97.95,100,4.47,99.34,99.17,95.4,66.31,96.33,62.71,7.53,6.08,91.23,95.95
03:54,97.95,100,4.87,99.34,99.17,95.4,66.52,96.33,64.04,7.53,6.82,91.25,95.95
03:55,97.95,100,4.87,99.34,99.17,95.4,66.9,96.33,66.76,7.53,7.53,91.35,95.95
03:56,97.95,100,4.87,99.34,99.17,95.4,66.9,98.16,70.78,7.53,9.27,91.38,95.95
03:57,97.95,100,4.87,99.34,99.17,95.4,67.01,98.16,72.91,7.53,10.32,91.64,95.95
03:58,97.95,100,4.87,99.34,99.17,95.4,67.34,98.16,74.12,7.74,11.81,91.68,95.95
03:59,97.95,100,4.87,99.34,99.17,95.4,67.34,98.16,76.24,7.74,13.19,91.72,95.95
04:00,97.95,100,4.87,99.43,99.23,95.4,67.74,98.16,77.33,7.81,14.32,91.79,95.95
04:01,97.95,100,4.87,99.43,99.23,95.4,67.74,98.16,78.34,8.42,15.47,91.83,95.95
04:02,97.95,100,4.87,99.43,99.31,95.4,67.78,98.28,80.09,8.71,17.12,91.87,95.95
04:03,97.95,100,4.87,99.43,99.31,95.4,67.78,98.28,81.9,8.96,18.91,91.92,95.95
04:04,97.95,100,4.87,99.43,99.31,95.4,68.35,98.28,82.9,9.81,20.26,91.97,95.95
04:05,97.95,100,4.87,99.43,99.31,95.4,68.35,98.28,83.51,10.53,21.91,92.03,95.95
04:06,97.95,100,4.87,99.43,99.31,95.4,68.35,98.28,83.94,10.8,23.38,92.08,95.95
04:07,97.95,100,4.87,99.43,99.31,95.4,68.36,98.28,84.17,10.8,25.66,92.28,95.95
04:08,97.95,100,4.87,99.43,99.31,95.53,68.53,98.38,84.64,11.41,28.12,92.34,95.95
04:09,97.97,100,4.87,99.43,99.31,95.53,69.08,98.38,84.75,11.81,30.7,92.46,95.95
04:10,97.97,100,4.87,99.43,99.31,95.53,69.18,98.38,84.75,11.81,33.25,92.55,95.95
04:11,98.24,100,4.87,99.43,99.34,95.53,69.18,98.38,84.86,11.81,34.93,92.7,95.95
04:12,98.24,100,4.87,99.43,99.34,95.53,69.18,98.38,85.42,11.81,36.95,92.76,96.19
04:13,98.24,100,4.87,99.43,99.34,95.53,69.18,98.38,85.5,12.12,39.26,92.81,96.31
04:14,98.24,100,4.87,99.43,99.34,95.53,69.31,98.38,85.55,12.12,41.73,92.93,96.31
04:15,98.24,100,5.07,99.43,99.34,95.53,69.31,98.38,85.69,12.27,43.41,93.08,96.31
04:16,98.24,100,5.07,99.43,99.34,95.53,69.59,98.38,86.06,12.46,45.69,93.33,96.31
04:17,98.24,100,5.07,99.43,99.34,95.53,70.23,98.38,87.01,12.46,47.76,93.55,96.31
04:18,98.4,100,5.07,99.43,99.36,95.53,70.32,98.38,87.93,12.46,49.36,93.65,96.31
04:19,98.4,100,5.47,99.43,99.36,95.53,70.44,99.13,88.84,12.46,51.64,93.74,96.31
04:20,98.4,100,5.47,99.43,99.36,95.53,70.65,99.13,89.35,12.46,53.4,93.8,96.31
04:21,98.4,100,5.47,99.43,99.36,95.53,71.15,99.13,90.11,12.46,55.01,93.92,96.31
04:22,98.42,100,5.47,99.43,99.36,95.53,72.03,99.13,90.69,12.57,56.97,94.15,96.31
04:23,98.42,100,5.47,99.43,99.36,95.53,72.94,99.13,91.64,12.73,59.19,94.24,96.31
04:24,98.42,100,5.47,99.43,99.36,95.53,73.26,99.13,92.38,15,60.91,94.27,96.31
04:25,98.54,100,5.47,99.43,99.36,95.53,73.64,99.13,93.67,15.45,62.69,94.35,96.31
04:26,98.54,100,5.47,99.43,99.36,95.53,74.07,99.13,94.31,18.95,64.84,94.49,96.31
04:27,98.54,100,5.47,99.43,99.36,95.53,74.4,99.13,95.14,19.23,66.34,94.61,99.29
04:28,98.54,100,5.47,99.43,99.36,95.53,74.78,99.13,95.35,19.73,68.14,94.71,99.29
04:29,98.54,100,5.47,99.43,99.36,95.53,75.11,99.13,95.71,22.06,70.03,94.79,99.29
04:30,98.54,100,5.71,99.43,99.36,95.53,75.5,99.13,95.94,23.32,71.86,94.84,99.29
04:31,98.59,100,5.71,99.43,99.36,95.53,75.82,99.13,95.94,26.77,73.54,94.97,99.29
04:32,98.59,100,5.71,99.43,99.36,95.53,76.26,99.13,95.94,28.57,75.46,95.15,99.29
04:33,98.59,100,5.71,99.43,99.36,95.53,76.5,99.13,96.02,31.28,77.12,95.28,99.29
04:34,98.59,100,5.71,99.43,99.36,95.53,76.59,99.13,96.26,32.02,77.79,95.45,99.29
04:35,98.59,100,5.71,99.43,99.36,95.53,77.94,99.13,96.87,33.36,79.18,95.57,99.29
04:36,98.59,100,5.71,99.43,99.39,95.53,78.19,99.13,97.07,35.13,80.68,95.64,99.29
04:37,98.59,100,7.71,99.43,99.39,95.53,78.54,99.13,97.07,37.7,81.6,95.77,99.29
04:38,98.59,100,9.17,99.43,99.39,95.53,78.71,99.13,97.28,38.66,82.51,95.89,99.29
04:39,98.59,100,13.78,99.43,99.39,95.53,79.48,99.28,97.3,39.65,83.8,96.07,99.29
04:40,98.59,100,22.35,99.43,99.39,95.53,80.03,99.28,97.54,40.82,84.63,96.21,99.29
04:41,98.59,100,24.74,99.43,99.39,95.55,80.39,99.28,97.54,42.52,85.15,96.32,99.29
04:42,98.59,100,32.05,99.43,99.39,95.55,81.35,99.28,97.54,43.47,85.68,96.4,99.29
04:43,98.59,100,32.05,99.43,99.39,95.55,81.82,99.28,97.54,45.58,86.61,96.6,99.29
04:44,98.59,100,32.05,99.43,99.39,95.55,82.55,99.28,97.54,45.58,87.49,96.71,99.29
04:45,98.63,100,32.05,99.43,99.39,95.55,82.86,99.28,97.54,46.32,88.02,96.75,99.29
04:46,98.63,100,32.75,99.43,99.62,95.59,83.49,99.28,97.54,46.92,88.46,96.84,99.29
04:47,98.63,100,40.64,99.43,99.62,95.68,84.04,99.28,97.54,49.46,88.73,97.02,99.29
04:48,98.63,100,40.94,99.43,99.62,95.68,84.23,99.28,97.54,56.22,89.3,97.32,99.29
04:49,98.77,100,42.04,99.43,99.62,95.77,84.62,99.28,97.54,58.39,89.92,97.54,99.29
04:50,98.77,100,43.69,99.51,99.62,95.77,84.86,99.28,97.54,59.57,90.81,97.69,99.29
04:51,98.77,100,43.89,99.51,99.65,95.77,85.56,99.31,97.54,60.11,92.21,97.76,99.29
04:52,98.79,100,44.09,99.51,99.65,97.5,86.29,99.36,97.54,61.89,93.3,97.9,99.29
04:53,98.79,100,49.46,99.51,99.65,97.5,88.01,99.36,97.54,62.77,94.26,98.03,99.29
04:54,98.79,100,52.12,99.51,99.65,97.5,88.87,99.52,97.63,62.82,94.93,98.22,99.29
04:55,98.79,100,52.73,99.51,99.65,97.5,89.49,99.52,97.71,63.72,95.96,98.52,99.29
04:56,98.79,100,52.73,99.51,99.65,97.59,90.38,99.52,97.71,65.8,96.25,98.6,99.29
04:57,98.79,100,59.4,99.51,99.65,97.59,91.74,99.58,97.8,67.46,96.72,98.8,99.29
04:58,98.79,100,59.8,99.51,99.65,99.52,92.52,99.58,97.85,67.98,97.08,98.88,99.29
04:59,98.79,100,61,100,99.82,99.61,93.37,99.64,97.88,71.55,97.21,99.16,99.29
05:00,98.79,100,68.12,100,99.82,99.8,94.84,99.7,97.97,72.93,97.34,99.26,99.29
05:01,98.79,100,69.96,100,99.82,99.91,95.51,99.77,98.64,73.65,97.98,99.37,99.4
05:02,98.79,100,74.41,100,99.88,99.91,95.69,99.88,98.64,83.95,98.31,99.45,99.88
05:03,98.79,100,76.75,100,99.93,99.91,96.03,99.89,98.64,86.54,98.59,99.52,99.88
05:04,98.83,100,79.39,100,99.93,99.94,96.15,99.89,98.77,89.17,98.93,99.57,99.88
05:05,99.82,100,88.72,100,99.93,99.94,97.5,99.91,98.83,89.59,99.1,99.62,99.88
05:06,99.82,100,90.87,100,100,99.94,97.84,99.97,99.48,90.84,99.25,99.64,99.88
05:07,99.94,100,94.97,100,100,99.94,98.17,99.98,99.69,94.49,99.33,99.75,99.88
05:08,100,100,97.02,100,100,99.94,99.11,100,100,97.48,99.55,99.78,100
05:09,100,100,98.18,100,100,99.94,99.55,100,100,98.12,99.8,99.86,100
05:10,100,100,100,100,100,100,100,100,100,100,100,100,100
